City,Cloudiness,Humidity,Latitude,Longitude,Max Temp,Wind Speed
Mezhova,20,91.0,48.26,36.73,63.83,2.73
Seymchan,0,48.0,62.93,152.39,69.77,8.1
Yaan,80,95.0,7.38,8.57,75.44,11.01
Busselton,92,100.0,-33.64,115.35,62.3,14.47
Punta arenas,75,70.0,-53.16,-70.91,44.6,34.45
La ronge,90,93.0,55.1,-105.3,60.8,9.17
Puerto ayora,90,69.0,-0.74,-90.35,77.0,17.22
Ushuaia,40,60.0,-54.81,-68.31,42.8,18.95
Tupik,0,79.0,54.43,119.94,59.42,3.51
Albany,75,78.0,42.65,-73.75,78.8,9.17
Yelizovo,90,93.0,53.19,158.38,55.4,6.71
Maniitsoq,100,87.0,65.42,-52.9,43.31,7.76
Atuona,20,100.0,-9.8,-139.03,79.85,22.08
Bandundu,8,53.0,-3.32,17.38,74.9,7.65
Myrtle beach,20,74.0,33.7,-78.89,82.4,10.29
Avarua,75,73.0,-21.21,-159.78,77.0,5.82
Hilo,90,69.0,19.71,-155.08,82.4,8.05
Paris,0,44.0,48.86,2.35,77.0,4.7
Mogoytuy,88,96.0,51.28,114.93,62.84,6.64
Yellowknife,75,43.0,62.45,-114.38,69.8,5.82
Sokolo,0,79.0,14.74,-6.12,76.88,6.76
Yulara,90,53.0,-25.24,130.99,51.8,6.93
Bluff,0,71.0,-23.58,149.07,64.73,4.63
Faanui,36,98.0,-16.48,-151.75,80.57,12.91
Miguel hidalgo,75,18.0,19.41,-99.19,87.8,1.39
Seybaplaya,5,70.0,19.65,-90.67,87.8,11.41
Dudinka,0,52.0,69.41,86.18,48.35,14.81
Provideniya,90,93.0,64.42,-173.23,51.8,6.71
Butaritari,32,100.0,3.07,172.79,83.09,6.76
Arraial do cabo,44,96.0,-22.97,-42.02,70.85,14.25
Geraldton,75,45.0,49.72,-86.95,82.4,5.82
Kroya,12,82.0,-6.5,108.06,71.93,3.62
Tuktoyaktuk,20,77.0,69.44,-133.03,66.2,11.41
Mataura,20,93.0,-46.19,168.86,44.48,7.99
Norsup,100,100.0,-16.07,167.38,71.75,7.87
Rikitea,92,100.0,-23.12,-134.97,74.18,17.27
Denpasar,40,78.0,-8.65,115.22,77.0,6.93
Lebu,75,93.0,8.96,38.73,57.2,3.18
San cristobal,75,55.0,-0.39,-78.55,62.6,17.22
Hermanus,20,49.0,-34.42,19.24,64.1,5.53
Ankpa,80,96.0,7.37,7.63,74.45,9.44
East london,32,89.0,-33.02,27.91,71.57,12.46
Riachao das neves,0,50.0,-11.75,-44.91,65.72,6.08
Nikolskoye,88,88.0,59.7,30.79,69.8,2.24
Havoysund,20,87.0,71.0,24.66,50.0,2.24
Omsukchan,12,52.0,62.53,155.8,63.92,5.19
Vaini,92,98.0,15.34,74.49,70.58,6.98
Tasiilaq,0,95.0,65.61,-37.64,48.2,10.29
Port hueneme,40,61.0,34.15,-119.2,104.0,12.75
Pisco,90,82.0,-13.71,-76.2,64.4,11.41
Mangrol,92,99.0,25.33,76.51,74.0,7.99
Mahebourg,75,60.0,-20.41,57.7,71.6,19.46
Gisborne,56,66.0,-38.66,178.02,52.94,4.63
Minudasht,44,81.0,37.23,55.37,77.78,4.41
Klaksvik,92,93.0,62.23,-6.59,50.0,12.75
Kaeo,44,84.0,-35.1,173.78,54.74,4.63
Chapais,40,83.0,49.78,-74.86,73.4,5.82
Ubinskoye,92,98.0,55.31,79.68,58.52,25.88
Beni suef,0,47.0,29.07,31.1,77.42,5.97
Langsa,20,94.0,4.47,97.97,71.48,2.39
Ahuimanu,20,70.0,21.44,-157.84,86.0,10.29
Akureyri,90,87.0,65.68,-18.09,48.2,5.82
Krasnoturansk,0,93.0,54.32,91.57,64.4,2.24
Maputo,0,87.0,-25.97,32.57,57.2,2.24
Nerchinskiy zavod,92,70.0,51.31,119.61,63.47,2.95
Port elizabeth,90,78.0,39.31,-74.98,80.6,10.29
Esperance,75,83.0,10.24,-61.45,80.6,3.36
Aden,32,85.0,12.79,45.03,82.37,12.68
Kapaa,75,88.0,22.08,-159.32,84.2,10.29
Ponta do sol,0,64.0,-20.63,-46.0,59.15,4.85
Pochutla,75,70.0,15.74,-96.47,87.8,6.93
Aksu,75,100.0,52.04,76.93,48.2,4.47
Souillac,0,73.0,45.6,-0.6,71.6,3.36
Oranjestad,20,74.0,12.52,-70.03,82.4,21.92
Jamestown,0,62.0,-33.21,138.6,53.57,14.81
Kavieng,12,100.0,-2.57,150.8,82.73,7.2
Tuatapere,8,100.0,-46.13,167.69,42.68,11.68
Dingle,12,87.0,11.0,122.67,82.01,8.99
Hobart,20,57.0,-42.88,147.33,51.8,8.05
Kumta,92,100.0,14.42,74.4,73.82,7.43
Port alfred,20,56.0,-33.59,26.89,70.94,11.68
Saldanha,0,79.0,41.42,-6.55,62.39,3.96
Vilhena,0,44.0,-12.74,-60.15,78.8,9.17
Polovinnoye,32,85.0,54.79,65.99,60.23,14.25
Sinazongwe,0,71.0,-17.26,27.46,63.02,11.23
Marienburg,0,64.0,52.12,9.98,68.0,3.36
Bredasdorp,24,87.0,-34.53,20.04,46.4,1.12
Gat,76,74.0,14.69,-16.54,84.2,6.93
Thompson,75,100.0,55.74,-97.86,62.6,5.82
Juneau,20,44.0,58.3,-134.42,77.0,9.17
Tashtyp,100,93.0,52.8,89.89,62.12,5.86
Kedougou,92,87.0,12.56,-12.19,75.98,7.87
Pacatuba,100,98.0,-10.45,-36.65,72.02,11.45
Dikson,100,89.0,73.51,80.55,47.63,21.07
Bambous virieux,75,60.0,-20.34,57.76,71.6,19.46
Zahir pir,20,67.0,28.81,70.52,87.77,2.62
Kavaratti,92,96.0,10.57,72.64,82.64,24.76
Khatanga,0,76.0,71.98,102.47,45.38,3.96
Sur,64,83.0,22.57,59.53,88.4,7.99
Mastic beach,1,88.0,40.77,-72.85,78.8,13.87
Ribeira grande,44,100.0,38.52,-28.7,71.3,16.04
Kapelle,0,88.0,51.49,3.96,75.2,11.41
Ewa beach,40,70.0,21.32,-158.01,86.0,10.29
Plainfield,90,78.0,39.7,-86.4,75.2,5.82
Katangli,64,95.0,51.71,143.23,51.77,5.19
Key largo,20,88.0,25.09,-80.45,80.6,5.82
Conde,12,92.0,-11.81,-37.61,74.0,12.35
Itarema,0,63.0,-2.92,-39.92,81.02,14.92
San patricio,92,80.0,-26.98,-56.83,54.65,8.1
Poum,80,100.0,41.28,20.71,54.92,1.95
Georgetown,20,78.0,6.8,-58.16,82.4,13.87
Hami,24,39.0,42.84,93.51,74.18,6.64
Mar del plata,0,58.0,-46.43,-67.52,47.63,14.7
Vila velha,0,78.0,-3.71,-38.6,78.8,10.29
Waddan,0,26.0,29.16,16.14,74.45,1.28
Belyy yar,0,93.0,53.6,91.39,64.4,2.24
Hithadhoo,92,100.0,-0.6,73.08,77.69,9.22
Kaitangata,56,90.0,-46.28,169.85,44.39,8.77
Wagar,20,70.0,31.44,-87.99,83.81,3.62
Pevek,56,60.0,69.7,170.27,60.32,20.51
Lorengau,80,100.0,-2.02,147.27,82.55,4.29
Miracema,36,87.0,-21.41,-42.2,66.35,6.98
Zabid,56,88.0,14.2,44.5,50.6,0.6
Mandalgovi,92,91.0,45.76,106.27,59.96,7.76
Khash,0,32.0,28.22,61.21,82.1,9.66
Belomorsk,24,74.0,64.52,34.76,67.07,5.97
Sao filipe,68,96.0,14.9,-24.5,76.97,6.64
Wakkanai,64,100.0,45.41,141.67,61.31,3.62
Nara,75,74.0,34.68,135.8,86.0,5.82
Mbekenyera,32,73.0,-10.0,38.98,65.63,5.41
Am timan,68,83.0,11.04,20.28,77.96,11.68
Barrow,0,77.0,-38.31,-60.23,29.9,2.84
Victoria,75,100.0,5.28,115.24,80.6,4.41
Katsuura,75,88.0,33.93,134.5,82.4,6.93
Alice springs,90,33.0,-23.7,133.88,59.0,6.2
Ponta delgada,40,88.0,37.73,-25.67,69.8,5.82
Sabang,88,94.0,13.72,123.58,81.38,8.77
Clyde river,75,86.0,70.47,-68.59,37.4,40.26
Shush,92,94.0,55.6,89.45,58.25,8.77
Vila,0,78.0,45.18,8.4,73.4,5.82
Morogoro,80,62.0,-6.82,37.67,69.59,4.52
Marsh harbour,24,98.0,26.54,-77.06,84.53,14.25
Honefoss,0,84.0,60.17,10.26,62.66,2.06
Acapulco,75,79.0,16.86,-99.88,86.0,8.05
Bethel,75,59.0,60.79,-161.76,66.2,9.17
Kupang,20,68.0,-10.16,123.6,71.6,8.05
Xining,0,83.0,36.62,101.77,50.42,2.39
Ulety,0,81.0,51.36,112.48,63.02,3.85
Rio grande,90,81.0,-32.03,-52.1,51.8,11.41
Ulladulla,0,46.0,-35.36,150.48,53.6,5.82
Kargopol,0,69.0,61.51,38.95,62.57,5.97
Qaanaaq,24,100.0,77.48,-69.36,35.03,3.4
Sitka,32,41.0,37.17,-99.65,92.36,8.55
Sao joao dos patos,0,45.0,-6.5,-43.7,81.83,5.75
Warangal,0,74.0,17.99,79.6,77.87,8.99
Taltal,44,91.0,-25.41,-70.49,52.58,0.6
Mubi,20,97.0,10.27,13.26,67.43,2.73
Bandarbeyla,32,79.0,9.49,50.81,76.43,31.03
Nizhnevartovsk,0,82.0,60.93,76.58,60.8,6.71
Lerwick,88,87.0,60.15,-1.15,53.6,10.29
Saint-philippe,90,78.0,45.36,-73.48,80.6,13.87
Vardo,20,83.0,39.62,-77.74,82.4,3.36
Tucumcari,1,24.0,35.17,-103.73,93.2,14.99
Bereda,40,88.0,43.27,-7.54,66.2,1.12
Moba,0,94.0,-7.04,29.77,61.13,11.01
Huanren,20,83.0,41.26,125.37,80.3,2.95
Camargo,0,12.0,27.69,-105.17,100.46,9.66
North bend,1,82.0,43.41,-124.22,60.8,20.8
Yokadouma,92,98.0,3.52,15.05,67.7,3.06
Bismarck,1,30.0,46.81,-100.78,82.4,10.29
Kot khai,64,98.0,31.12,77.53,62.48,0.94
Buala,92,87.0,-8.15,159.59,82.82,6.64
Palmer,75,56.0,61.6,-149.11,69.8,5.82
Ambunti,32,93.0,-4.22,142.82,78.68,2.73
Kota belud,75,73.0,6.35,116.43,77.0,4.7
Beloha,0,74.0,-25.17,45.06,60.86,9.89
Norman wells,20,36.0,65.28,-126.83,80.6,11.41
Oda,0,74.0,35.19,132.5,82.4,4.7
Cabo san lucas,5,41.0,22.89,-109.91,98.6,9.17
Vangaindrano,88,94.0,-23.35,47.6,61.49,5.64
Barcelona,20,88.0,41.38,2.18,77.0,6.93
Semnan,0,32.0,35.58,53.39,83.45,15.37
Lagoa,0,64.0,37.14,-8.45,68.0,9.17
Igarka,8,58.0,67.47,86.57,50.06,13.24
Meiganga,88,99.0,6.52,14.29,66.08,2.95
Ifakara,92,71.0,-8.13,36.68,66.26,2.17
Saint-georges,80,77.0,46.12,-70.67,74.36,4.97
Arlit,0,20.0,18.74,7.39,75.44,2.62
Fare,44,96.0,-16.7,-151.02,80.39,11.12
Nyandoma,0,70.0,61.67,40.21,58.61,3.96
Nanortalik,0,95.0,60.14,-45.24,39.8,3.74
Byron bay,0,55.0,-28.65,153.62,66.2,10.29
Cape town,0,87.0,-33.93,18.42,55.4,6.93
Kentau,0,58.0,43.52,68.5,50.69,4.41
Castro,0,100.0,-42.48,-73.76,38.0,3.4
Mnogovershinnyy,36,79.0,53.94,139.92,64.73,2.39
Alofi,68,74.0,-19.06,-169.92,78.8,6.93
Vuktyl,0,74.0,63.86,57.31,60.32,2.95
Marondera,0,86.0,-18.19,31.55,42.77,6.76
Olenino,8,87.0,56.21,33.48,58.43,9.1
Heze,12,81.0,35.25,115.45,83.36,4.97
Ayan,12,93.0,40.67,33.6,52.4,1.72
Kota kinabalu,75,73.0,5.98,116.07,77.0,4.7
Margate,20,57.0,-43.03,147.26,51.8,8.05
Namibe,0,98.0,-15.19,12.15,66.98,12.46
Fortuna,0,83.0,38.18,-1.13,73.4,3.36
Caravelas,8,100.0,-17.73,-39.27,75.71,15.03
Jalu,0,35.0,29.03,21.55,78.86,2.62
Husavik,36,73.0,50.56,-96.99,70.94,13.8
Leshukonskoye,0,58.0,64.9,45.76,62.3,5.75
Chokurdakh,80,85.0,70.62,147.9,45.2,17.72
Ancud,0,87.0,-41.87,-73.83,36.83,4.63
Kijang,0,79.0,35.24,129.21,84.2,3.18
Hagere hiywet,92,98.0,8.98,37.85,53.48,2.84
Coquimbo,0,81.0,-29.95,-71.34,51.8,10.29
Cherskiy,76,36.0,68.75,161.3,71.21,10.0
Batagay,20,91.0,67.65,134.64,55.55,6.53
Moose factory,75,72.0,51.26,-80.61,68.0,5.82
Bloomfield,20,58.0,40.75,-92.42,86.0,10.29
Cap malheureux,75,60.0,-19.98,57.61,71.6,19.46
Hun,0,56.0,50.34,4.87,75.2,3.36
Isla vista,1,54.0,34.41,-119.86,80.6,9.17
Wanning,40,77.0,48.64,13.53,64.4,10.29
Kaduqli,20,96.0,11.01,29.72,66.26,2.73
Torbay,90,100.0,47.66,-52.73,66.2,17.22
Ilulissat,75,66.0,69.22,-51.1,50.0,17.22
Smithers,75,35.0,54.78,-127.17,73.4,2.39
Slobozia-mandra,64,100.0,43.92,24.7,64.73,4.18
Kilindoni,44,92.0,-7.91,39.67,77.33,21.07
Saint-pierre,0,64.0,48.95,4.24,69.8,3.36
Fukuma,40,79.0,33.77,130.47,84.2,3.36
Okhotsk,64,86.0,59.36,143.24,59.78,3.06
Barcelos,75,88.0,41.53,-8.62,66.2,8.05
Plettenberg bay,0,70.0,-34.05,23.37,72.47,16.71
Cidreira,100,100.0,-30.17,-50.22,52.67,8.66
Hasaki,75,94.0,35.73,140.83,78.8,5.82
Aranos,0,62.0,-24.14,19.11,48.35,9.78
Issoudun,0,72.0,46.95,1.99,69.8,1.12
San ignacio,0,71.0,-36.8,-72.03,50.0,8.05
Alekseyevsk,0,80.0,57.84,108.35,53.57,3.51
Hamilton,75,78.0,32.3,-64.78,80.6,12.75
Sisimiut,80,70.0,66.94,-53.67,45.29,7.43
Khandyga,92,95.0,62.65,135.58,55.28,2.39
New norfolk,20,57.0,-42.78,147.06,51.8,8.05
Broken hill,0,60.0,-31.97,141.45,55.19,9.78
Kaifeng,0,78.0,34.8,114.35,80.6,4.52
Sept-iles,90,82.0,50.2,-66.38,68.0,2.24
Radviliskis,24,77.0,55.82,23.53,62.6,9.17
Misratah,36,86.0,32.38,15.09,80.03,12.01
Gorbatovka,75,87.0,56.26,43.74,59.0,6.71
Saint-joseph,0,83.0,43.56,6.97,75.2,3.36
Filingue,48,81.0,14.35,3.32,79.13,2.95
Yendi,76,74.0,9.45,0.0,80.84,5.19
Kruisfontein,8,48.0,-34.0,24.73,69.5,11.9
Nuuk,90,100.0,64.17,-51.74,41.0,11.41
Airai,0,53.0,-8.93,125.41,69.41,2.39
Tucuman,8,83.0,-17.17,-70.89,56.99,1.83
Rayadrug,80,92.0,14.7,76.87,71.48,10.67
Saskylakh,56,78.0,71.97,114.09,36.65,6.64
Jacareacanga,0,80.0,-6.22,-57.76,78.59,2.06
Tiksi,80,79.0,71.64,128.87,42.86,10.45
Maunabo,40,74.0,18.01,-65.9,82.4,9.17
Tarsus,40,88.0,36.92,34.88,80.6,4.7
Pacific grove,1,72.0,36.62,-121.92,84.2,10.29
Dong xoai,92,92.0,11.53,106.92,77.24,5.86
Inhambane,92,92.0,-23.87,35.38,68.24,10.67
Kununurra,0,48.0,-15.77,128.74,62.6,3.36
Griffith,0,92.0,-34.29,146.06,51.05,8.77
Santa maria del oro,12,20.0,25.95,-105.37,86.42,8.99
Zaraza,92,59.0,9.35,-65.33,85.52,5.3
Cerrito,40,100.0,6.84,-72.7,69.8,8.05
Chateaubelair,20,83.0,13.28,-61.25,82.4,20.8
Sipe sipe,20,39.0,-17.45,-66.36,64.4,14.99
Bosaso,20,82.0,11.28,49.18,89.3,16.37
Quang ngai,92,75.0,15.12,108.8,79.85,0.72
Wad rawah,88,68.0,15.16,33.13,80.48,10.45
Middelburg,0,63.0,-25.77,29.46,28.73,3.4
Banjar,92,97.0,-7.37,108.54,70.13,3.06
Hay river,40,51.0,60.82,-115.79,60.8,8.05
Arona,0,78.0,45.76,8.56,77.0,5.82
Camalu,0,44.0,30.85,-116.07,86.78,6.87
Vaitape,48,95.0,-16.52,-151.75,80.93,11.68
Taiyuan,8,78.0,37.86,112.56,73.4,2.24
Nizhniy kuranakh,80,89.0,58.84,125.49,53.75,3.4
Bhadasar,20,94.0,28.3,74.31,79.85,3.62
Nizwa,76,46.0,22.93,57.53,82.55,4.63
Marawi,56,93.0,8.0,124.29,73.28,3.29
Kangaatsiaq,92,86.0,68.31,-53.46,43.31,15.26
Arrifes,40,88.0,37.77,-25.7,69.8,5.82
Road town,20,69.0,18.42,-64.62,84.2,8.05
Ternate,90,100.0,14.29,120.72,78.8,3.36
Manokwari,76,100.0,-0.87,134.08,81.11,5.41
Chuy,20,83.0,-33.69,-53.46,47.54,15.59
Pringsewu,24,92.0,-5.36,104.98,72.02,2.17
Fairbanks,1,26.0,64.84,-147.72,82.4,3.36
Mehamn,75,76.0,71.03,27.85,55.4,13.87
Kholodnyy,0,40.0,62.72,147.95,66.35,6.2
Chalmette,75,63.0,29.94,-89.96,93.2,6.93
Angoche,20,97.0,-16.23,39.91,77.78,13.02
Upernavik,80,92.0,72.79,-56.15,40.07,11.9
Merville,0,68.0,43.72,1.3,69.8,4.7
Lasem,0,83.0,-6.99,112.52,79.4,6.2
Gazojak,0,29.0,41.19,61.4,76.25,13.8
Motygino,36,71.0,58.18,94.69,54.92,4.18
Illapel,0,100.0,-31.63,-71.17,38.9,2.95
Vila franca do campo,40,88.0,37.72,-25.43,69.8,5.82
Kodiak,1,45.0,39.95,-94.76,86.0,11.41
Buloh kasap,75,100.0,2.55,102.76,75.2,2.73
Qaqortoq,75,47.0,60.72,-46.03,55.4,5.82
Tera,0,64.0,34.97,32.42,78.8,4.7
Labuhan,88,88.0,-2.54,115.51,75.35,3.18
Bisira,92,90.0,8.52,-81.71,73.19,1.61
Constitucion,75,15.0,23.99,-104.67,87.8,4.7
Regina,20,33.0,50.45,-104.62,75.2,25.28
Carnarvon,8,56.0,-30.97,22.13,48.44,11.34
Wahiawa,75,62.0,21.5,-158.02,86.0,9.17
Sistranda,75,72.0,63.73,8.83,62.6,10.29
Birao,92,96.0,10.3,22.78,72.11,7.99
Atar,20,22.0,20.52,-13.05,88.4,4.29
Padang,80,100.0,-0.92,100.36,79.85,1.05
Ampanihy,0,86.0,-24.69,44.75,56.45,8.77
Antofagasta,90,71.0,-23.65,-70.4,57.2,8.05
Saint-ambroise,0,82.0,47.25,-0.65,64.4,5.3
Guaimaro,75,83.0,10.58,-74.71,80.6,9.17
Grand gaube,75,60.0,-20.01,57.66,71.6,19.46
Indramayu,8,96.0,-4.05,103.78,68.87,0.83
Saint george,75,60.0,39.45,22.34,71.6,6.93
Ozernovskiy,24,89.0,51.5,156.52,60.23,8.99
Ridgecrest,40,12.0,35.62,-117.67,107.6,6.93
Merauke,0,77.0,-8.49,140.4,80.57,15.7
Villarrobledo,0,39.0,39.27,-2.6,67.88,8.32
Teahupoo,20,62.0,-17.83,-149.27,84.2,4.7
Tazovskiy,8,37.0,67.47,78.7,54.47,6.08
Augusto correa,68,84.0,-1.02,-46.63,78.23,6.87
Llanes,8,83.0,43.42,-4.75,57.08,1.28
Maragogi,92,98.0,-9.01,-35.22,72.56,8.32
Chicama,0,84.0,-7.84,-79.15,67.07,4.18
Visby,36,87.0,57.64,18.3,60.8,3.36
Tsabong,20,53.0,-26.02,22.4,47.45,8.43
Whakatane,56,100.0,-37.96,176.99,53.21,4.41
Vetluzhskiy,80,63.0,58.39,45.47,61.85,4.07
Talnakh,0,68.0,69.49,88.39,45.47,10.67
Tulancingo,12,36.0,20.08,-98.36,71.12,6.42
Elliot lake,75,69.0,46.37,-82.65,78.8,8.05
Kautokeino,0,84.0,69.01,23.04,50.42,2.17
Zhigansk,44,57.0,66.77,123.37,56.27,7.99
Umm lajj,0,100.0,25.02,37.27,76.79,4.74
Posse,0,44.0,-14.08,-46.36,66.53,9.22
Daru,88,93.0,7.99,-10.85,73.28,6.2
Narasannapeta,92,92.0,18.42,84.04,76.88,3.62
Tabory,0,89.0,53.89,19.53,57.71,2.73
The valley,20,78.0,18.22,-63.06,82.4,12.75
Stonewall,40,56.0,50.13,-97.33,71.6,14.99
Port-gentil,40,94.0,-0.72,8.78,73.4,10.29
Longyearbyen,75,70.0,78.22,15.63,48.2,9.17
Marzuq,48,67.0,14.4,46.47,68.24,5.08
Touros,44,87.0,-5.2,-35.46,75.71,16.04
Saint-francois,0,82.0,46.42,3.91,62.6,2.62
Esqueda,12,24.0,30.72,-109.59,96.32,2.95
Luderitz,8,76.0,-26.65,15.16,55.73,5.3
Severo-kurilsk,88,96.0,50.68,156.12,52.94,9.44
Faya,0,72.0,18.39,42.45,66.2,4.7
Narsaq,75,47.0,60.91,-46.05,55.4,5.82
Nelson bay,0,54.0,-32.72,152.14,55.4,6.93
Hope,1,35.0,49.38,-121.43,87.8,8.05
Abalak,32,57.0,15.46,6.28,82.19,9.22
Tumpat,75,88.0,6.2,102.17,77.0,3.36
Goderich,56,83.0,43.74,-81.71,73.91,5.97
Berlevag,75,76.0,70.86,29.09,55.4,13.87
Tulum,20,70.0,20.21,-87.46,87.8,6.93
Sai buri,8,93.0,6.7,101.62,75.44,2.95
Buin,0,40.0,-33.73,-70.74,59.0,3.36
Lipin bor,0,97.0,60.26,37.97,62.3,7.54
Marion,20,58.0,35.21,-90.2,84.2,14.99
Diu,92,96.0,20.71,70.98,76.97,11.12
Lethem,0,89.0,3.38,-59.8,76.7,3.06
Oranjemund,0,96.0,-28.55,16.43,59.33,8.43
Ambon,0,73.0,47.55,-2.56,69.8,5.82
Carutapera,76,89.0,-1.2,-46.02,78.95,9.22
Ventspils,48,100.0,57.39,21.56,55.4,1.12
Bunol,0,74.0,39.42,-0.78,78.8,8.05
Laguna,5,33.0,27.52,-110.01,102.2,12.75
Herzberg,0,85.0,51.66,10.34,59.87,2.51
Axim,64,97.0,4.87,-2.24,77.96,11.68
San andres,32,99.0,13.32,122.68,83.9,8.99
Saurimo,0,45.0,-9.66,20.4,58.7,6.53
Danjiangkou,0,84.0,32.54,111.51,83.0,2.17
Turukhansk,0,63.0,65.8,87.96,51.23,11.34
Priiskovyy,20,82.0,51.93,116.63,67.25,4.07
Cairns,40,73.0,-16.92,145.77,73.4,9.17
Puerto carreno,75,100.0,6.19,-67.49,75.2,2.39
Nicoya,75,62.0,10.15,-85.45,86.0,10.29
Koronowo,0,77.0,53.31,17.94,64.4,3.36
Yerbogachen,0,72.0,61.28,108.01,54.47,4.29
Columbia,1,48.0,38.95,-92.33,86.0,4.7
Csurgo,0,77.0,46.25,17.1,66.35,11.45
Nago,0,82.0,45.88,10.89,73.4,3.36
Suluq,0,16.0,31.67,20.25,87.8,17.22
Kadaya,88,80.0,50.93,119.29,66.53,3.96
Cockburn town,8,98.0,21.46,-71.14,82.37,19.84
Krasnogorsk,75,82.0,55.82,37.34,64.4,8.95
Deep river,20,94.0,46.1,-77.49,75.2,6.93
Khasan,32,81.0,42.43,130.64,76.97,2.28
Tromso,90,67.0,69.65,18.96,57.2,21.92
North platte,1,44.0,41.12,-100.77,80.6,6.93
Raudeberg,92,93.0,61.99,5.14,60.8,14.99
Kulhudhuffushi,68,100.0,6.62,73.07,81.56,21.52
Goya,0,80.0,-29.14,-59.27,44.3,14.7
Anadyr,75,87.0,64.73,177.51,53.6,15.66
Ouegoa,0,69.0,-20.34,164.44,73.19,5.86
Lavrentiya,64,92.0,65.58,-170.99,45.92,4.85
Leningradskiy,36,58.0,69.38,178.42,54.65,8.43
Progreso,40,81.0,-34.68,-56.22,46.4,10.0
Fethiye,0,78.0,36.62,29.12,73.4,4.7
Ust-tsilma,0,61.0,65.44,52.15,61.76,5.3
Manadhoo,76,100.0,5.77,73.38,80.75,21.52
Salon,92,97.0,26.03,81.45,78.14,10.45
Darhan,0,78.0,49.49,105.92,66.89,4.18
Getulio vargas,20,81.0,-32.68,-53.55,45.02,12.57
Ust-barguzin,8,71.0,53.41,109.03,63.29,2.39
Innisfail,90,67.0,52.02,-113.95,62.6,5.82
Salalah,75,88.0,17.01,54.1,78.8,4.7
Xiaoweizhai,88,88.0,26.23,107.51,71.93,3.4
Dunedin,92,100.0,-45.87,170.5,40.88,3.96
Sao joao da barra,0,88.0,-21.64,-41.05,71.6,5.82
Kuryk,92,65.0,43.18,51.68,81.74,11.79
Clinton,40,65.0,41.84,-90.19,82.4,8.05
Athabasca,0,62.0,54.72,-113.29,64.91,11.68
Tokur,80,93.0,53.13,132.9,63.74,2.28
Aykhal,64,59.0,65.95,111.51,54.92,3.96
Thaton,92,100.0,16.91,97.37,76.07,6.42
Port lincoln,44,79.0,-34.72,135.86,62.3,28.79
Winneba,80,94.0,5.35,-0.62,77.0,12.75
San pedro,0,94.0,-33.68,-59.66,35.75,7.31
Concordia,0,98.0,-31.4,-58.02,40.7,11.9
Nemuro,56,100.0,43.32,145.57,59.06,1.95
Awjilah,0,30.0,29.14,21.3,77.78,2.73
Eha amufu,40,94.0,6.65,7.77,78.8,8.1
San jose,100,100.0,15.79,120.99,73.37,1.72
Manggar,80,81.0,-2.88,108.27,82.73,11.01
Rawson,0,82.0,-43.3,-65.11,34.85,3.74
Los llanos de aridane,12,73.0,28.66,-17.92,71.6,12.75
Aksarka,0,58.0,66.56,67.8,67.43,4.52
Guadalupe y calvo,56,65.0,26.09,-106.96,69.23,0.72
Novouzensk,92,66.0,50.46,48.14,68.06,11.79
Aklavik,20,54.0,68.22,-135.01,86.0,10.29
Mabaruma,56,89.0,8.2,-59.78,79.76,7.65
Balakhta,92,85.0,55.38,91.62,63.47,8.88
La fria,75,51.0,8.22,-72.25,84.2,13.87
Ossora,76,96.0,59.24,163.07,55.37,12.57
Lexington,90,69.0,38.05,-84.5,75.2,8.05
Antalaha,92,100.0,-14.9,50.28,67.88,13.8
Ahipara,44,99.0,-35.17,173.16,53.39,3.96
Araouane,36,24.0,18.9,-3.53,92.0,4.18
Lamin,75,88.0,13.35,-16.43,78.8,5.82
Ljubinje,40,50.0,42.95,18.09,77.0,18.34
Quatre cocos,75,60.0,-20.21,57.76,71.6,19.46
Savannah bight,0,95.0,16.45,-85.85,83.45,15.82
Lata,76,100.0,30.78,78.62,60.32,1.05
Kiama,0,46.0,-34.67,150.86,53.6,5.82
San joaquin,12,87.0,10.59,122.14,82.01,8.99
Brae,80,87.0,60.4,-1.35,53.6,10.29
Fort nelson,75,33.0,58.81,-122.69,71.6,3.36
Kailua,20,70.0,21.39,-157.74,86.0,10.29
Kahului,40,55.0,20.89,-156.47,91.4,16.11
Zyryanka,36,56.0,65.73,150.89,69.05,2.95
Paita,8,68.0,-5.09,-81.11,74.18,7.54
Inta,0,63.0,66.04,60.13,65.54,5.19
Nyurba,80,79.0,63.29,118.35,56.81,2.73
Boa vista,75,83.0,2.82,-60.67,78.8,3.36
Zhezkazgan,0,75.0,47.8,67.71,55.37,11.79
Osimo,20,47.0,43.49,13.48,78.8,12.75
Sergeyevka,12,91.0,53.88,67.42,55.37,12.46
San lazaro,20,70.0,18.04,-88.66,89.6,4.7
Luza,0,78.0,60.63,47.26,55.73,5.19
Henties bay,0,79.0,-22.12,14.28,60.95,0.83
Zhangye,0,62.0,38.94,100.46,65.0,7.76
Inongo,64,44.0,-1.93,18.29,81.38,5.3
Erdenet,0,81.0,49.03,104.04,63.83,3.62
Luganville,100,100.0,-15.51,167.18,74.0,11.34
Tigil,0,52.0,57.8,158.67,76.16,3.18
Pedasi,92,100.0,7.53,-80.03,79.22,2.62
Dalbandin,24,25.0,28.9,64.41,76.61,2.62
Kungurtug,12,82.0,50.6,97.53,53.57,2.51
Hastings,64,95.0,-39.64,176.84,51.95,6.53
Thinadhoo,92,100.0,0.53,72.93,78.68,21.52
Olinda,40,65.0,-2.03,-79.75,78.8,4.7
Portoviejo,75,83.0,-1.05,-80.45,75.2,10.29
Conceicao do araguaia,0,48.0,-8.26,-49.26,78.5,4.74
Samarai,76,98.0,-10.62,150.67,78.5,16.71
Kinablangan,20,96.0,7.69,126.55,85.25,6.08
Saint-augustin,0,78.0,44.83,-0.61,71.6,3.36
Kamaishi,75,88.0,39.28,141.86,71.6,3.36
Jesus maria,0,95.0,-20.49,-69.32,58.97,2.73
Taoudenni,0,18.0,22.68,-3.98,81.74,3.96
Whitianga,48,100.0,-36.83,175.7,54.83,4.41
Kloulklubed,90,94.0,7.04,134.26,78.8,5.82
Sibu,75,83.0,2.29,111.83,78.8,4.7
Mount gambier,92,98.0,-37.83,140.78,52.94,14.14
Graaff-reinet,36,48.0,-32.25,24.53,52.85,7.31
Darab,36,44.0,28.75,54.55,66.53,1.72
Bandipur,32,91.0,11.67,76.63,65.81,2.17
Mount isa,0,26.0,-20.73,139.49,55.4,4.63
Cayenne,90,100.0,4.94,-52.33,77.0,8.43
Malinovskiy,92,92.0,54.15,34.53,64.73,11.01
Hervey bay,0,88.0,-25.3,152.85,67.07,2.73
Salta,90,30.0,-24.79,-65.41,51.8,5.82
Kichera,36,65.0,55.93,110.1,57.17,2.51
San quintin,75,100.0,17.54,120.52,77.0,4.7
Ocara,0,69.0,-4.49,-38.6,79.4,13.47
Halifax,90,100.0,44.65,-63.58,75.2,6.93
Kendari,80,99.0,-3.99,122.52,72.47,2.39
Srednekolymsk,68,70.0,67.46,153.71,67.25,3.29
Den helder,0,83.0,52.96,4.76,69.8,6.93
Forestville,75,78.0,48.74,-69.09,75.2,2.24
Riyadh,0,13.0,24.63,46.72,91.4,6.93
Zhangjiakou,12,90.0,40.77,114.88,70.58,4.07
Niono,0,89.0,14.25,-5.99,73.82,4.97
Hailar,92,96.0,49.2,119.7,61.4,7.31
Pudozh,44,68.0,61.81,36.54,67.88,8.32
Puerto escondido,75,70.0,15.86,-97.07,86.0,4.74
Harper,1,13.0,30.3,-99.24,109.4,3.36
Umm kaddadah,8,68.0,13.6,26.69,78.5,12.24
Mizdah,80,23.0,31.45,12.98,89.39,11.45
High level,75,52.0,58.52,-117.13,66.2,8.05
Maceio,75,83.0,-9.67,-35.74,75.2,5.82
Sarahan,68,100.0,31.51,77.79,38.54,1.39
Huangmei,0,92.0,30.1,115.95,85.34,3.74
Masvingo,88,98.0,-20.08,30.83,52.67,8.77
Tura,92,99.0,25.52,90.21,74.72,3.18
Shingu,40,74.0,33.72,135.99,84.2,3.36
Iqaluit,40,61.0,63.75,-68.52,48.2,25.28
Hohhot,0,94.0,40.81,111.65,68.0,4.47
